,quarter,game_clock,drive_num,drive_count,poss,down,dist,yl,terr,play_type,gain_loss,gnls_to_yl,gnls_to_terr,rusher,run_dir,passer,pass_dir,pass_depth,intended,pass_result,intBy,int_terr,int_yl,pbuBy,hurriedBy,kicker,kick_yards,kick_terr,kick_yl,kick_result,fg_dist,fg_result,xp_type,xp_result,retBy,ret_yards,ret_terr,ret_yl,tackler1,tackler2,fumble_num,fumbleBy,recoveredBy,recovery_team,recov_terr,recov_yl,presnap_pen,penalty,penOn,pen_team,pen_yards,touchdown,no_play,timeout,kneel,away_points_on_play,home_points_on_play,away_points,home_points,play_duration,est_game_clock,sec_remaining_half
1,1,15:00,1,1,MUHL,,,,,Kickoff,,,,,,,,,,,,,,,,C Fenstermaker,59,MOR,6,Fair Catch,,,,,,,,,,,,,,,,,,,,,,,,,,0,0,0.0,0.0,00:00,15:00,1800
6,1,15:00,2,4,MOR,1,10,-25,MOR,Run,2.0,27,MOR,Nate Boyle,,,,,,,,,,,,,,,,,,,,,,,,,Derek Rosenow,,,,,,,,,,,,,,,,,0,0,0.0,0.0,00:33,15:00,1800
7,1,15:00,2,5,MOR,2,8,-27,MOR,Run,3.0,30,MOR,Nate Boyle,,,,,,,,,,,,,,,,,,,,,,,,,Tyler Ekstrom,Peyton Elliott,,,,,,,,,,,,,,,,0,0,0.0,0.0,00:33,14:27,1767
8,1,15:00,2,6,MOR,3,5,-30,MOR,Run,12.0,42,MOR,Nate Boyle,,,,,,,,,,,,,,,,,,,,,,,,,Griffin Zobel,,,,,,,,,,,,,,,,,0,0,0.0,0.0,00:33,13:54,1734
9,1,15:00,2,7,MOR,1,10,-42,MOR,Pass,0.0,,,,,Jared Jenkins,,,Brad Bryan,Incomplete,,,,,,,,,,,,,,,,,,,,,,,,,,,,,,,,,,,,0,0,0.0,0.0,00:16,13:21,1701
10,1,15:00,2,8,MOR,2,10,-42,MOR,Pass,27.0,31,MUHL,,,Jared Jenkins,,,Nate Boyle,Complete,,,,,,,,,,,,,,,,,,,Peyton Elliott,Owen Kovacs,,,,,,,,,,,,,,,,0,0,0.0,0.0,00:16,13:05,1685
11,1,15:00,2,9,MOR,1,10,31,MUHL,Run,2.0,29,MUHL,Nate Boyle,,,,,,,,,,,,,,,,,,,,,,,,,Peyton Elliott,J Armstrong,,,,,,,,,,,,,,,,0,0,0.0,0.0,00:33,12:49,1669
12,1,15:00,2,10,MOR,2,8,29,MUHL,Pass,3.0,26,MUHL,,,Jared Jenkins,,,Camron Tinajero,Complete,,,,,,,,,,,,,,,,,,,Griffin Zobel,,,,,,,,,,,,,,,,,0,0,0.0,0.0,00:16,12:16,1636
13,1,15:00,2,11,MOR,3,5,26,MUHL,Run,7.0,19,MUHL,Nate Boyle,,,,,,,,,,,,,,,,,,,,,,,,,Owen Kovacs,,,,,,,,,,,,,,,,,0,0,0.0,0.0,00:33,11:59,1619
14,1,15:00,2,12,MOR,1,10,19,MUHL,Run,1.0,18,MUHL,Nate Boyle,,,,,,,,,,,,,,,,,,,,,,,,,K McDowdell,,,,,,,,,Holding,,MOR,10,,1.0,,,0,0,0.0,0.0,00:33,11:27,1587
15,1,15:00,2,13,MOR,1,20,29,MUHL,Pass,0.0,,,,,Jared Jenkins,,,Jordan Lewis,Incomplete,,,,,,,,,,,,,,,,,,,,,,,,,,,,,,,,,,,,0,0,0.0,0.0,00:16,10:54,1554
16,1,15:00,2,14,MOR,2,20,29,MUHL,Pass,0.0,,,,,Jared Jenkins,,,Jordan Bingham,Incomplete,,,,,,,,,,,,,,,,,,,,,,,,,,,,,,,,,,,,0,0,0.0,0.0,00:16,10:37,1537
17,1,15:00,2,15,MOR,3,20,29,MUHL,Penalty,,,,,,,,,,,,,,,,,,,,,,,,,,,,,,,,,,,,,1.0,False Start,,MOR,5,,,,,0,0,0.0,0.0,00:16,10:21,1521
18,1,15:00,2,16,MOR,3,25,34,MUHL,Pass,10.0,24,MUHL,,,Jared Jenkins,,,Jordan Bingham,Complete,,,,,,,,,,,,,,,,,,,Matt Giuliano,,,,,,,,,,,,,,,,,0,0,0.0,0.0,00:16,10:04,1504
19,1,15:00,2,17,MOR,4,15,24,MUHL,Pass,18.0,6,MUHL,,,Jared Jenkins,,,Jordan Bingham,Complete,,,,,,,,,,,,,,,,,,,Matt Giuliano,,,,,,,,,,,,,,,,,0,0,0.0,0.0,00:16,09:48,1488
20,1,15:00,2,18,MOR,1,6,6,MUHL,Run,-1.0,7,MUHL,Nate Boyle,,,,,,,,,,,,,,,,,,,,,,,,,Derek Rosenow,,,,,,,,,,,,,,,,,0,0,0.0,0.0,00:33,09:32,1472
21,1,15:00,2,19,MOR,2,7,7,MUHL,Run,2.0,5,MUHL,Nate Boyle,,,,,,,,,,,,,,,,,,,,,,,,,Dom Visintin,,,,,,,,,,,,,,,,,0,0,0.0,0.0,00:33,08:59,1439
22,1,15:00,2,20,MOR,3,5,5,MUHL,Pass,0.0,,,,,Jared Jenkins,,,Tim Garlick,Incomplete,,,,,,,,,,,,,,,,,,,,,,,,,,,,,,,,,,,,0,0,0.0,0.0,00:16,08:26,1406
23,1,15:00,2,21,MOR,4,5,5,MUHL,Pass,0.0,,,,,Jared Jenkins,,,Jordan Bingham,Incomplete,,,,,,,,,,,,,,,,,,,,,,,,,,,,,,,,,,,,0,0,0.0,0.0,00:16,08:09,1389
27,1,07:53,3,2,MUHL,1,10,-5,MUHL,Pass,0.0,,,,,Joe Repetti,,,James Nye,Incomplete,,,,,,,,,,,,,,,,,,,,,,,,,,,,,,,,,,,,0,0,0.0,0.0,00:14,07:53,1373
28,1,07:53,3,3,MUHL,2,10,-5,MUHL,Pass,10.0,15,MUHL,,,Joe Repetti,,,Timothy Buda,Complete,,,,,,,,,,,,,,,,,,,Shea Endean,,,,,,,,,,,,,,,,,0,0,0.0,0.0,00:14,07:39,1359
29,1,07:53,3,4,MUHL,1,10,-15,MUHL,Run,4.0,19,MUHL,Matthew Manning,,,,,,,,,,,,,,,,,,,,,,,,,Drew Bailey,,,,,,,,,,,,,,,,,0,0,0.0,0.0,00:28,07:25,1345
30,1,07:53,3,5,MUHL,2,6,-19,MUHL,Run,8.0,27,MUHL,Joe Repetti,,,,,,,,,,,,,,,,,,,,,,,,,,,,,,,,,,,,,,,,,,0,0,0.0,0.0,00:28,06:57,1317
31,1,07:53,3,6,MUHL,1,10,-27,MUHL,Penalty,,,,,,,,,,,,,,,,,,,,,,,,,,,,,,,,,,,,,1.0,Personal Foul,,MOR,15,,,,,0,0,0.0,0.0,00:14,06:29,1289
32,1,06:15,3,7,MUHL,1,10,-42,MUHL,Pass,58.0,0,MOR,,,Joe Repetti,,,James Nye,Complete,,,,,,,,,,,,,,,,,,,,,,,,,,,,,,,,1.0,,,,0,6,0.0,0.0,00:03,06:15,1275
33,1,06:15,3,8,MUHL,1,3,3,MOR,Extra Pt.,,,,,,,,,,,,,,,,Alex Garrido,,,,,,,Kick,Good,,,,,,,,,,,,,,,,,,,,,,0,1,0.0,6.0,00:00,06:12,1272
34,1,06:15,3,9,MUHL,1,35,-35,MUHL,Kickoff,,,,,,,,,,,,,,,,C Fenstermaker,52,MOR,13,Return,,,,,Nick Coffaro,13,MOR,26,Owen Kovacs,,,,,,,,,,,,,,,,,0,0,0.0,7.0,00:03,06:12,1272
38,1,06:09,4,2,MOR,1,10,-26,MOR,Run,-5.0,21,MOR,Nate Boyle,,,,,,,,,,,,,,,,,,,,,,,,,Alex Batista,,,,,,,,,,,,,,,,,0,0,0.0,7.0,00:32,06:09,1269
39,1,06:09,4,3,MOR,2,15,-21,MOR,Pass,10.0,31,MOR,,,Jared Jenkins,,,Brad Bryan,Complete,,,,,,,,,,,,,,,,,,,Alex Schafer,,,,,,,,,,,,,,,,,0,0,0.0,7.0,00:16,05:37,1237
40,1,06:09,4,4,MOR,3,5,-31,MOR,Run,3.0,34,MOR,Nate Boyle,,,,,,,,,,,,,,,,,,,,,,,,,Tyler Ekstrom,Peyton Elliott,,,,,,,,,,,,,,,,0,0,0.0,7.0,00:32,05:21,1221
41,1,06:09,4,5,MOR,4,2,-34,MOR,Penalty,,,,,,,,,,,,,,,,,,,,,,,,,,,,,,,,,,,,,1.0,Delay Of Game,,MOR,5,,,,,0,0,0.0,7.0,00:16,04:48,1188
42,1,06:09,4,6,MOR,4,7,-29,MOR,Punt,,,,,,,,,,,,,,,,Colin Conway,38,MUHL,33,Fair Catch,,,,,,,,,,,,,,,,,,Personal Foul,,MUHL,15,,,,,0,0,0.0,7.0,00:16,04:32,1172
46,1,04:16,5,2,MUHL,1,10,-18,MUHL,Run,2.0,20,MUHL,Joe Repetti,,,,,,,,,,,,,,,,,,,,,,,,,Nathan Carr,Jashon Teller,,,,,,,,,,,,,,,,0,0,0.0,7.0,00:26,04:16,1156
47,1,04:16,5,3,MUHL,2,8,-20,MUHL,Pass,0.0,,,,,Joe Repetti,,,Aaron Daniels,Incomplete,,,,,,,,,,,,,,,,,,,,,,,,,,,,,,,,,,,,0,0,0.0,7.0,00:13,03:50,1130
48,1,04:16,5,4,MUHL,3,8,-20,MUHL,Pass,27.0,47,MUHL,,,Joe Repetti,,,James Nye,Complete,,,,,,,,,,,,,,,,,,,Matt Capobianco,,,,,,,,,,,,,,,,,0,0,0.0,7.0,00:13,03:37,1117
49,1,04:16,5,5,MUHL,1,10,-47,MUHL,Run,5.0,48,MOR,Aaron Daniels,,,,,,,,,,,,,,,,,,,,,,,,,Chris Ortalano,,,,,,,,,,,,,,,,,0,0,0.0,7.0,00:26,03:24,1104
50,1,04:16,5,6,MUHL,2,5,48,MOR,Run,0.0,48,MOR,Aaron Daniels,,,,,,,,,,,,,,,,,,,,,,,,,Clay Basile,,,,,,,,,,,,,,,,,0,0,0.0,7.0,00:26,02:57,1077
51,1,04:16,5,7,MUHL,3,5,48,MOR,Pass,13.0,35,MOR,,,Joe Repetti,,,P Esannason,Complete,,,,,,,,,,,,,,,,,,,Chris Ortalano,,,,,,,,,,,,,,,,,0,0,0.0,7.0,00:13,02:31,1051
52,1,04:16,5,8,MUHL,1,10,35,MOR,Penalty,,,,,,,,,,,,,,,,,,,,,,,,,,,,,,,,,,,,,1.0,False Start,,MUHL,5,,,,,0,0,0.0,7.0,00:13,02:18,1038
53,1,04:16,5,9,MUHL,1,15,40,MOR,Run,0.0,40,MOR,Amari Dunn,,,,,,,,,,,,,,,,,,,,,,,,,EJ Harvey,,,,,,,,,,,,,,,,,0,0,0.0,7.0,00:26,02:05,1025
54,1,04:16,5,10,MUHL,2,15,40,MOR,Run,6.0,34,MOR,Amari Dunn,,,,,,,,,,,,,,,,,,,,,,,,,Colin Conway,,,,,,,,,,,,,,,,,0,0,0.0,7.0,00:26,01:39,999
55,1,04:16,5,11,MUHL,3,9,34,MOR,Pass,9.0,25,MOR,,,Joe Repetti,,,Amari Dunn,Complete,,,,,,,,,,,,,,,,,,,,,,,,,,,,Personal Foul,,MUHL,15,,,,,0,0,0.0,7.0,00:13,01:12,972
56,1,04:16,5,12,MUHL,3,15,40,MOR,Pass,0.0,,,,,Joe Repetti,,,John Sauchelli,Incomplete,,,,,,,,,,,,,,,,,,,,,,,,,,,,,,,,,,,,0,0,0.0,7.0,00:13,00:59,959
57,1,04:16,5,13,MUHL,4,15,40,MOR,Punt,,,,,,,,,,,,,,,,Joe Repetti,25,MOR,15,Downed,,,,,,,,,,,,,,,,,,,,,,,,,,0,0,0.0,7.0,00:13,00:46,946
61,1,00:33,6,2,MOR,1,10,-15,MOR,Penalty,,,,,,,,,,,,,,,,,,,,,,,,,,,,,,,,,,,,,1.0,False Start,,MOR,5,,,,,0,0,0.0,7.0,00:11,00:33,933
62,1,00:33,6,3,MOR,1,15,-10,MOR,Run,2.0,12,MOR,Nate Boyle,,,,,,,,,,,,,,,,,,,,,,,,,J Armstrong,,,,,,,,,,,,,,,,,0,0,0.0,7.0,00:22,00:22,922
65,2,15:00,7,2,MOR,2,13,-12,MOR,Run,0.0,12,MOR,Jared Jenkins,,,,,,,,,,,,,,,,,,,,,,,,,Tyler Ekstrom,,,,,,,,,,,,,,,,,0,0,0.0,7.0,00:29,15:00,900
66,2,15:00,7,3,MOR,3,13,-12,MOR,Pass,,,,,,Jared Jenkins,,,,Intercepted,Matt Giuliano,MOR,22,,,,,,,,,,,,Matt Giuliano,0,MOR,22,,,,,,,,,,,,,,,,,,0,0,0.0,7.0,00:15,14:31,871
70,2,14:16,8,2,MUHL,1,10,22,MOR,Run,3.0,19,MOR,Matthew Manning,,,,,,,,,,,,,,,,,,,,,,,,,EJ Harvey,,,,,,,,,,,,,,,,,0,0,0.0,7.0,00:35,14:16,856
71,2,13:41,8,3,MUHL,2,7,19,MOR,Pass,19.0,0,MOR,,,Joe Repetti,,,James Nye,Complete,,,,,,,,,,,,,,,,,,,,,,,,,,,,,,,,1.0,,,,0,6,0.0,7.0,00:02,13:41,821
72,2,13:41,8,4,MUHL,1,3,3,MOR,Extra Pt.,,,,,,,,,,,,,,,,Alex Garrido,,,,,,,Kick,Good,,,,,,,,,,,,,,,,,,,,,,0,1,0.0,13.0,00:00,13:39,819
73,2,13:41,8,5,MUHL,1,35,-35,MUHL,Kickoff,,,,,,,,,,,,,,,,C Fenstermaker,53,MOR,12,Return,,,,,Anderson Louis,8,MOR,20,Isaiah Williams,,,,,,,,,,,,,,,,,0,0,0.0,14.0,00:02,13:39,819
77,2,13:37,9,2,MOR,1,10,-20,MOR,Run,-1.0,19,MOR,Camron Tinajero,,,,,,,,,,,,,,,,,,,,,,,,,Tyler Ekstrom,,,,,,,,,,,,,,,,,0,0,0.0,14.0,00:21,13:37,817
78,2,13:37,9,3,MOR,2,11,-19,MOR,Pass,0.0,,,,,Jared Jenkins,,,Brad Bryan,Incomplete,,,,,,,,,,,,,,,,,,,,,,,,,,,,,,,,,,,,0,0,0.0,14.0,00:11,13:16,796
79,2,13:37,9,4,MOR,3,11,-19,MOR,Pass,0.0,,,,,Jared Jenkins,,,,Incomplete,,,,Derek Rosenow,,,,,,,,,,,,,,,,,,,,,,,,,,,,,,,,0,0,0.0,14.0,00:11,13:05,785
80,2,13:37,9,5,MOR,4,11,-19,MOR,Punt,,,,,,,,,,,,,,,,Colin Conway,36,MUHL,45,Fair Catch,,,,,,,,,,,,,,,,,,,,,,,,,,0,0,0.0,14.0,00:11,12:55,775
84,2,12:44,10,2,MUHL,1,10,-45,MUHL,Run,0.0,45,MUHL,Matthew Manning,,,,,,,,,,,,,,,,,,,,,,,,,Drew Bailey,,,,,,,,,,,,,,,,,0,0,0.0,14.0,00:24,12:44,764
85,2,12:44,10,3,MUHL,2,10,-45,MUHL,Pass,0.0,,,,,Joe Repetti,,,Timothy Buda,Incomplete,,,,,,,,,,,,,,,,,,,,,,,,,,,,,,,,,,,,0,0,0.0,14.0,00:12,12:20,740
86,2,12:44,10,4,MUHL,3,10,-45,MUHL,Run,4.0,49,MUHL,Joe Repetti,,,,,,,,,,,,,,,,,,,,,,,,,Jeremy McGuigan,,,,,,,,,,,,,,,,,0,0,0.0,14.0,00:24,12:09,729
87,2,12:44,10,5,MUHL,4,6,-49,MUHL,Punt,,,,,,,,,,,,,,,,Joshua Castro,49,MOR,2,Fair Catch,,,,,,,,,,,,,,,,,,,,,,,,,,0,0,0.0,14.0,00:12,11:45,705
91,2,11:33,11,2,MOR,1,10,-2,MOR,Run,2.0,4,MOR,Nate Boyle,,,,,,,,,,,,,,,,,,,,,,,,,K McDowdell,,,,,,,,,,,,,,,,,0,0,0.0,14.0,00:41,11:33,693
92,2,11:33,11,3,MOR,2,8,-4,MOR,Pass,4.0,8,MOR,,,Jared Jenkins,,,Jordan Lewis,Complete,,,,,,,,,,,,,,,,,,,,,,,,,,,,,,,,,,,,0,0,0.0,14.0,00:20,10:52,652
93,2,11:33,11,4,MOR,3,4,-8,MOR,Pass,18.0,26,MOR,,,Jared Jenkins,,,Jordan Lewis,Complete,,,,,,,,,,,,,,,,,,,,,,,,,,,,,,,,,,,,0,0,0.0,14.0,00:20,10:32,632
94,2,11:33,11,5,MOR,1,10,-26,MOR,Run,7.0,33,MOR,Nate Boyle,,,,,,,,,,,,,,,,,,,,,,,,,Matt Giuliano,,,,,,,,,,,,,,,,,0,0,0.0,14.0,00:41,10:12,612
95,2,11:33,11,6,MOR,2,3,-33,MOR,Run,-1.0,32,MOR,Nate Boyle,,,,,,,,,,,,,,,,,,,,,,,,,John Lohrer,,,,,,,,,,,,,,,,,0,0,0.0,14.0,00:41,09:31,571
96,2,11:33,11,7,MOR,3,4,-32,MOR,Pass,23.0,45,MUHL,,,Jared Jenkins,,,Jordan Lewis,Complete,,,,,,,,,,,,,,,,,,,Jack Machita,,,,,,,,,,,,,,,,,0,0,0.0,14.0,00:20,08:50,530
97,2,11:33,11,8,MOR,1,10,45,MUHL,Pass,0.0,,,,,Jared Jenkins,,,Jordan Bingham,Incomplete,,,,,,,,,,,,,,,,,,,,,,,,,,,,,,,,,,,,0,0,0.0,14.0,00:20,08:30,510
98,2,11:33,11,9,MOR,2,10,45,MUHL,Pass,10.0,35,MUHL,,,Jared Jenkins,,,Tim Garlick,Complete,,,,,,,,,,,,,,,,,,,John Lohrer,Owen Kovacs,,,,,,,,,,,,,,,,0,0,0.0,14.0,00:20,08:09,489
99,2,11:33,11,10,MOR,1,10,35,MUHL,Run,5.0,30,MUHL,Nate Boyle,,,,,,,,,,,,,,,,,,,,,,,,,Matt Giuliano,,,,,,,,,,,,,,,,,0,0,0.0,14.0,00:41,07:49,469
100,2,11:33,11,11,MOR,2,5,30,MUHL,Run,1.0,29,MUHL,Nate Boyle,,,,,,,,,,,,,,,,,,,,,,,,,K McDowdell,,,,,,,,,,,,,,,,,0,0,0.0,14.0,00:41,07:08,428
101,2,11:33,11,12,MOR,3,4,29,MUHL,Pass,0.0,,,,,Jared Jenkins,,,Tim Garlick,Incomplete,,,,Owen Kovacs,,,,,,,,,,,,,,,,,,,,,,,,,,,,,,,,0,0,0.0,14.0,00:20,06:27,387
102,2,11:33,11,13,MOR,4,4,29,MUHL,Penalty,,,,,,,,,,,,,,,,,,,,,,,,,,,,,,,,,,,,,1.0,False Start,,MOR,5,,,,,0,0,0.0,14.0,00:20,06:07,367
103,2,11:33,11,14,MOR,4,9,34,MUHL,Pass,11.0,23,MUHL,,,Jared Jenkins,,,Nate Boyle,Complete,,,,,,,,,,,,,,,,,,,Griffin Zobel,,,,,,,,,,,,,,,,,0,0,0.0,14.0,00:20,05:47,347
104,2,11:33,11,15,MOR,1,10,23,MUHL,Run,2.0,21,MUHL,Nate Boyle,,,,,,,,,,,,,,,,,,,,,,,,,Tyler Ekstrom,,,,,,,,,,,,,,,1.0,,0,0,0.0,14.0,00:20,05:26,326
105,2,05:06,11,16,MOR,2,8,21,MUHL,Timeout,,,,,,,,,,,,,,,,,,,,,,,,,,,,,,,,,,,,,,,,,,,,,,0,0,0.0,14.0,00:06,05:06,306
106,2,05:00,11,17,MOR,2,8,21,MUHL,Pass,21.0,0,MUHL,,,Jared Jenkins,,,Brad Bryan,Complete,,,,,,,,,,,,,,,,,,,,,,,,,,,,,,,,1.0,,,,6,0,0.0,14.0,00:04,05:00,300
107,2,05:00,11,18,MOR,1,3,3,MUHL,Extra Pt.,,,,,,,,,,,,,,,,Sean Murphy,,,,,,,Kick,No Good,,,,,Griffin Zobel,,,,,,,,,,,,,,,,,0,0,6.0,14.0,00:00,04:56,296
108,2,05:00,11,19,MOR,1,35,-35,MOR,Kickoff,,,,,,,,,,,,,,,,Jackson Lake,39,MUHL,26,Return,,,,,Matt Giuliano,21,MUHL,47,Cael Markle,,,,,,,,,,,,,,,,,0,0,6.0,14.0,00:04,04:56,296
112,2,04:53,12,2,MUHL,1,10,-47,MUHL,Run,7.0,46,MOR,Ian Csicsek,,,,,,,,,,,,,,,,,,,,,,,,,Jackson Lake,,,,,,,,,,,,,,,,,0,0,6.0,14.0,00:42,04:53,293
113,2,04:53,12,3,MUHL,2,3,46,MOR,Pass,10.0,36,MOR,,,Joe Repetti,,,P Esannason,Complete,,,,,,,,,,,,,,,,,,,,,,,,,,,,,,,,,,,,0,0,6.0,14.0,00:21,04:11,251
114,2,04:53,12,4,MUHL,1,10,36,MOR,Pass,0.0,,,,,Joe Repetti,,,,Incomplete,,,,Jashon Teller,,,,,,,,,,,,,,,,,,,,,,,,,,,,,,,,0,0,6.0,14.0,00:21,03:51,231
115,2,04:53,12,5,MUHL,2,10,36,MOR,Pass,16.0,20,MOR,,,Joe Repetti,,,Joshua Castro,Complete,,,,,,,,,,,,,,,,,,,Isaiah Johnson,,,,,,,,,,,,,,,,,0,0,6.0,14.0,00:21,03:30,210
116,2,03:09,12,6,MUHL,1,10,20,MOR,Pass,20.0,0,MOR,,,Joe Repetti,,,Matt McKenna,Complete,,,,,,,,,,,,,,,,,,,,,,,,,,,,,,,,1.0,,,,0,6,6.0,14.0,00:01,03:09,189
117,2,03:09,12,7,MUHL,1,3,3,MOR,Extra Pt.,,,,,,,,,,,,,,,,Alex Garrido,,,,,,,Kick,Good,,,,,,,,,,,,,,,,,,,,,,0,1,6.0,20.0,00:00,03:08,188
118,2,03:09,12,8,MUHL,1,35,-35,MUHL,Kickoff,,,,,,,,,,,,,,,,C Fenstermaker,41,MOR,24,Return,,,,,Anderson Louis,1,MOR,25,,,,,,,,,,,,,,,,,,0,0,6.0,21.0,00:01,03:08,188
122,2,03:07,13,2,MOR,1,10,-25,MOR,Run,2.0,27,MOR,Camron Tinajero,,,,,,,,,,,,,,,,,,,,,,,,,J Armstrong,,,,,,,,,,,,,,,,,0,0,6.0,21.0,00:32,03:07,187
123,2,03:07,13,3,MOR,2,8,-27,MOR,Pass,12.0,39,MOR,,,Jared Jenkins,,,Jordan Bingham,Complete,,,,,,,,,,,,,,,,,,,Owen Kovacs,,,,,,,,,,,,,,,,,0,0,6.0,21.0,00:16,02:35,155
124,2,03:07,13,4,MOR,1,10,-39,MOR,Pass,0.0,,,,,Jared Jenkins,,,Jordan Bingham,Incomplete,,,,,,,,,,,,,,,,,,,,,,,,,,,,,,,,,,,,0,0,6.0,21.0,00:16,02:18,138
125,2,03:07,13,5,MOR,2,10,-39,MOR,Run,4.0,43,MOR,Camron Tinajero,,,,,,,,,,,,,,,,,,,,,,,,,Derek Rosenow,Owen Kovacs,,,,,,,,,,,,,,,,0,0,6.0,21.0,00:32,02:02,122
126,2,03:07,13,6,MOR,3,6,-43,MOR,Pass,0.0,,,,,Jared Jenkins,,,Brad Bryan,Incomplete,,,,Tim Higgins,,,,,,,,,,,,,,,,,,,,,,,,,,,,,,,,0,0,6.0,21.0,00:16,01:29,89
127,2,03:07,13,7,MOR,4,6,-43,MOR,Punt,,,,,,,,,,,,,,,,Colin Conway,24,MUHL,33,Downed,,,,,,,,,,,,,,,,,,,,,,,,,,0,0,6.0,21.0,00:16,01:13,73
131,2,00:57,14,2,MUHL,1,10,-33,MUHL,Pass,29.0,38,MOR,,,Joe Repetti,,,Chris Ardito,Complete,,,,,,,,,,,,,,,,,,,,,,,,,,,,,,,,,,,,0,0,6.0,21.0,00:08,00:57,57
132,2,00:57,14,3,MUHL,1,10,38,MOR,Pass,5.0,33,MOR,,,Joe Repetti,,,Chris Ardito,Complete,,,,,,,,,,,,,,,,,,,,,,,,,,,,,,,,,,,,0,0,6.0,21.0,00:08,00:49,49
133,2,00:57,14,4,MUHL,2,5,33,MOR,Pass,0.0,,,,,Joe Repetti,,,James Nye,Incomplete,,,,,,,,,,,,,,,,,,,,,,,,,,,,,,,,,,,,0,0,6.0,21.0,00:08,00:42,42
134,2,00:57,14,5,MUHL,3,5,33,MOR,Pass,0.0,,,,,Joe Repetti,,,Timothy Buda,Incomplete,,,,,,,,,,,,,,,,,,,,,,,,,,,,,,,,,,1.0,,0,0,6.0,21.0,00:08,00:35,35
135,2,00:27,14,6,MUHL,4,5,33,MOR,Timeout,,,,,,,,,,,,,,,,,,,,,,,,,,,,,,,,,,,,,,,,,,,,,,0,0,6.0,21.0,00:03,00:27,27
136,2,00:27,14,7,MUHL,4,5,33,MOR,Pass,0.0,,,,,Joe Repetti,,,Joshua Castro,Incomplete,,,,Isaiah Johnson,,,,,,,,,,,,,,,,,,,,,,,,,,,,,,,,0,0,6.0,21.0,00:03,00:24,24
140,2,00:21,15,2,MOR,1,10,-33,MOR,Run,-1.0,32,MOR,,,,,,,,,,,,,,,,,,,,,,,,,,,,,,,,,,,,,,,,,,,0,0,6.0,21.0,00:21,00:21,21
146,3,15:00,16,2,MOR,,,,,Kickoff,,,,,,,,,,,,,,,,Jackson Lake,52,MUHL,13,Out Of Bounds,,,,,,,,,,,,,,,,,,,,,,,,,,0,0,6.0,21.0,00:00,15:00,1800
149,3,15:00,17,2,MUHL,1,10,-35,MUHL,Run,3.0,38,MUHL,Ian Csicsek,,,,,,,,,,,,,,,,,,,,,,,,,Colin Conway,Matt Capobianco,,,,,,,,,,,,,,,,0,0,6.0,21.0,00:32,15:00,1800
150,3,15:00,17,3,MUHL,2,7,-38,MUHL,Penalty,,,,,,,,,,,,,,,,,,,,,,,,,,,,,,,,,,,,,1.0,False Start,,MUHL,5,,,,,0,0,6.0,21.0,00:16,14:28,1768
151,3,15:00,17,4,MUHL,2,12,-33,MUHL,Pass,10.0,43,MUHL,,,Joe Repetti,,,Chris Ardito,Complete,,,,,,,,,,,,,,,,,,,Colin Conway,,,,,,,,,,,,,,,,,0,0,6.0,21.0,00:16,14:11,1751
152,3,15:00,17,5,MUHL,3,2,-43,MUHL,Pass,13.0,44,MOR,,,Joe Repetti,,,James Nye,Complete,,,,,,,,,,,,,,,,,,,Colin Conway,Clay Basile,,,,,,,,,,,,,,,,0,0,6.0,21.0,00:16,13:55,1735
153,3,15:00,17,6,MUHL,1,10,44,MOR,Run,14.0,30,MOR,Ian Csicsek,,,,,,,,,,,,,,,,,,,,,,,,,Matt Capobianco,Colin Conway,,,,,,,,,,,,,,,,0,0,6.0,21.0,00:32,13:39,1719
154,3,15:00,17,7,MUHL,1,10,30,MOR,Run,18.0,12,MOR,Ian Csicsek,,,,,,,,,,,,,,,,,,,,,,,,,Zach Scillia,,,,,,,,,,,,,,,,,0,0,6.0,21.0,00:32,13:07,1687
155,3,15:00,17,8,MUHL,1,10,12,MOR,Run,8.0,4,MOR,Ian Csicsek,,,,,,,,,,,,,,,,,,,,,,,,,Colin Conway,,,,,,,,,,,,,,,,,0,0,6.0,21.0,00:32,12:34,1654
156,3,12:02,17,9,MUHL,2,2,4,MOR,Pass,4.0,0,MOR,,,Joe Repetti,,,Matt McKenna,Complete,,,,,,,,,,,,,,,,,,,,,,,,,,,,,,,,1.0,,,,0,6,6.0,21.0,00:14,12:02,1622
157,3,12:02,17,10,MUHL,1,3,3,MOR,Extra Pt.,,,,,,,,,,,,,,,,Alex Garrido,,,,,,,Kick,Good,,,,,,,,,,,,,,,,,,,,,,0,1,6.0,27.0,00:00,11:48,1608
158,3,12:02,17,11,MUHL,1,35,-35,MUHL,Kickoff,,,,,,,,,,,,,,,,C Fenstermaker,60,MOR,5,Fair Catch,,,,,,,,,,,,,,,,,,,,,,,,,,0,0,6.0,28.0,00:00,11:48,1608
164,3,12:02,18,4,MOR,1,10,-25,MOR,Run,0.0,25,MOR,Nate Boyle,,,,,,,,,,,,,,,,,,,,,,,,,Tyler Ekstrom,,,,,,,,,,,,,,,,,0,0,6.0,28.0,00:29,11:48,1608
165,3,12:02,18,5,MOR,2,10,-25,MOR,Pass,0.0,,,,,Jared Jenkins,,,Jordan Bingham,Incomplete,,,,,,,,,,,,,,,,,,,,,,,,,,,,,,,,,,,,0,0,6.0,28.0,00:14,11:19,1579
166,3,12:02,18,6,MOR,3,10,-25,MOR,Pass,-6.0,19,MOR,,,Jared Jenkins,,,,Sack,,,,,,,,,,,,,,,,,,,K McDowdell,,,,,,,,,,,,,,,,,0,0,6.0,28.0,00:14,11:04,1564
167,3,10:50,18,7,MOR,4,16,-19,MOR,Run,-19.0,0,MOR,,,,,,,,,,,,,,,,,,,,,,,,,,,,,,,,,,,,,,,,,,,0,2,6.0,28.0,00:26,10:50,1550
169,3,10:50,18,9,MOR,1,20,-20,MOR,Kickoff,,,,,,,,,,,,,,,,Jared Jenkins,35,MUHL,45,Return,,,,,Tommy Donnelly,9,MOR,46,Chris Ortalano,Nick Coffaro,,,,,,,,,,,,,,,,0,0,6.0,30.0,00:13,10:24,1524
173,3,10:50,19,2,MUHL,1,10,46,MOR,Pass,14.0,32,MOR,,,Joe Repetti,,,Matthew Manning,Complete,,,,,,,,,,,,,,,,,,,Nick Coffaro,,,,,,,,,,,,,,,,,0,0,6.0,30.0,00:13,10:12,1512
174,3,10:50,19,3,MUHL,1,10,32,MOR,Run,8.0,24,MOR,Matthew Manning,,,,,,,,,,,,,,,,,,,,,,,,,Jackson Lake,,,,,,,,,,,,,,,,,0,0,6.0,30.0,00:26,09:59,1499
175,3,09:33,19,4,MUHL,2,2,24,MOR,Run,24.0,0,MOR,Matthew Manning,,,,,,,,,,,,,,,,,,,,,,,,,,,,,,,,,,,,,,1.0,,,,0,6,6.0,30.0,00:03,09:33,1473
176,3,09:33,19,5,MUHL,1,3,3,MOR,Extra Pt.,,,,,,,,,,,,,,,,Alex Garrido,,,,,,,Kick,Good,,,,,,,,,,,,,,,,,,,,,,0,1,6.0,36.0,00:00,09:30,1470
177,3,09:33,19,6,MUHL,1,35,-35,MUHL,Kickoff,,,,,,,,,,,,,,,,C Fenstermaker,55,MOR,10,Return,,,,,Camron Tinajero,9,MOR,19,Tyler Ekstrom,,,,,,,,,,,,,,,,,0,0,6.0,37.0,00:02,09:30,1470
181,3,09:28,20,2,MOR,1,10,-19,MOR,Run,0.0,19,MOR,Camron Tinajero,,,,,,,,,,,,,,,,,,,,,,,,,J Armstrong,,,,,,,,,,,,,,,,,0,0,6.0,37.0,00:31,09:28,1468
182,3,09:28,20,3,MOR,2,10,-19,MOR,Penalty,,,,,,,,,,,,,,,,,,,,,,,,,,,,,,,,,,,,,1.0,False Start,,MOR,5,,,,,0,0,6.0,37.0,00:16,08:57,1437
183,3,09:28,20,4,MOR,2,15,-14,MOR,Pass,0.0,,,,,Jared Jenkins,,,Brad Bryan,Incomplete,,,,,,,,,,,,,,,,,,,,,,,,,,,,Pass Interference,,MUHL,15,,1.0,,,0,0,6.0,37.0,00:16,08:41,1421
184,3,09:28,20,5,MOR,1,10,-29,MOR,Run,2.0,31,MOR,Camron Tinajero,,,,,,,,,,,,,,,,,,,,,,,,,Tyler Ekstrom,,,,,,,,,,,,,,,,,0,0,6.0,37.0,00:31,08:25,1405
185,3,09:28,20,6,MOR,2,8,-31,MOR,Pass,0.0,,,,,Jared Jenkins,,,Jordan Lewis,Incomplete,,,,,,,,,,,,,,,,,,,,,,,,,,,,,,,,,,,,0,0,6.0,37.0,00:16,07:54,1374
187,3,09:28,20,8,MOR,3,8,-31,MOR,Pass,8.0,39,MOR,,,Jared Jenkins,,,Tim Garlick,Complete,,,,,,,,,,,,,,,,,,,Matt Giuliano,,,,,,,,,,,,,,,,,0,0,6.0,37.0,00:16,07:38,1358
188,3,09:28,20,9,MOR,1,10,-39,MOR,Run,6.0,45,MOR,LJ Cooper,,,,,,,,,,,,,,,,,,,,,,,,,Matt Giuliano,Tim Higgins,,,,,,,,,,,,,,,,0,0,6.0,37.0,00:31,07:22,1342
189,3,09:28,20,10,MOR,2,4,-45,MOR,Run,2.0,47,MOR,LJ Cooper,,,,,,,,,,,,,,,,,,,,,,,,,Derek Graichen,,,,,,,,,,,,,,,,,0,0,6.0,37.0,00:31,06:51,1311
190,3,09:28,20,11,MOR,3,2,-47,MOR,Run,1.0,48,MOR,LJ Cooper,,,,,,,,,,,,,,,,,,,,,,,,,Peyton Elliott,Owen Kovacs,,,,,,,,,,,,,,,,0,0,6.0,37.0,00:31,06:20,1280
191,3,09:28,20,12,MOR,4,1,-48,MOR,Run,-1.0,47,MOR,LJ Cooper,,,,,,,,,,,,,,,,,,,,,,,,,Tyler Ekstrom,Matt Papa,,,,,,,,,,,,,,,,0,0,6.0,37.0,00:31,05:48,1248
195,3,05:17,21,2,MUHL,1,10,47,MOR,Run,9.0,38,MOR,Timothy Buda,,,,,,,,,,,,,,,,,,,,,,,,,Isaiah Johnson,Clay Basile,,,,,,,,,,,,,,,,0,0,6.0,37.0,00:20,05:17,1217
196,3,05:17,21,3,MUHL,2,1,38,MOR,Run,7.0,31,MOR,Ian Csicsek,,,,,,,,,,,,,,,,,,,,,,,,,EJ Boney,Clay Basile,,,,,,,,,,,,,,,,0,0,6.0,37.0,00:20,04:57,1197
197,3,05:17,21,4,MUHL,1,10,31,MOR,Penalty,,,,,,,,,,,,,,,,,,,,,,,,,,,,,,,,,,,,,1.0,Personal Foul,,MOR,15,,,,,0,0,6.0,37.0,00:10,04:37,1177
198,3,05:17,21,5,MUHL,1,10,16,MOR,Run,3.0,13,MOR,Ian Csicsek,,,,,,,,,,,,,,,,,,,,,,,,,,,,,,,,,,Holding,,MUHL,10,,,,,0,0,6.0,37.0,00:20,04:27,1167
199,3,04:07,21,6,MUHL,1,17,23,MOR,Pass,23.0,0,MOR,,,Joe Repetti,,,Matt McKenna,Complete,,,,,,,,,,,,,,,,,,,,,,,,,,,,,,,,1.0,,,,0,6,6.0,37.0,00:02,04:07,1147
200,3,04:07,21,7,MUHL,1,3,3,MOR,Extra Pt.,,,,,,,,,,,,,,,,Nick Stannard,,,,,,,Kick,Good,,,,,,,,,,,,,,,,,,,,,,0,1,6.0,43.0,00:00,04:05,1145
201,3,04:07,21,8,MUHL,1,35,-35,MUHL,Kickoff,,,,,,,,,,,,,,,,Ayden Scharper,54,MOR,11,Return,,,,,Nick Coffaro,16,MOR,27,Matt Giuliano,,,,,,,,,,,,,,,,,0,0,6.0,44.0,00:02,04:05,1145
205,3,04:02,22,2,MOR,1,10,-27,MOR,Pass,49.0,24,MUHL,,,Jared Jenkins,,,Brad Bryan,Complete,,,,,,,,,,,,,,,,,,,Owen Kovacs,,,,,,,,,,,,,,,,,0,0,6.0,44.0,00:25,04:02,1142
206,3,04:02,22,3,MOR,1,10,24,MUHL,Pass,4.0,20,MUHL,,,Jared Jenkins,,,Bryan Monge,Complete,,,,,,,,,,,,,,,,,,,Matt Giuliano,John Lohrer,,,,,,,,,,,,,,,,0,0,6.0,44.0,00:25,03:37,1117
207,3,04:02,22,4,MOR,2,6,20,MUHL,Run,4.0,16,MUHL,Nate Boyle,,,,,,,,,,,,,,,,,,,,,,,,,Tim Higgins,Derek Graichen,,,,,,,,,,,,,,,,0,0,6.0,44.0,00:51,03:11,1091
208,3,04:02,22,5,MOR,3,2,16,MUHL,Pass,11.0,5,MUHL,,,Jared Jenkins,,,Bryan Monge,Complete,,,,,,,,,,,,,,,,,,,Alex Batista,,,,,,,,,,,,,,,,,0,0,6.0,44.0,00:25,02:21,1041
209,3,04:02,22,6,MOR,1,5,5,MUHL,Pass,0.0,,,,,Jared Jenkins,,,Brad Bryan,Incomplete,,,,,,,,,,,,,,,,,,,,,,,,,,,,,,,,,,,,0,0,6.0,44.0,00:25,01:55,1015
210,3,01:30,22,7,MOR,2,5,5,MUHL,Run,5.0,0,MUHL,Nate Boyle,,,,,,,,,,,,,,,,,,,,,,,,,,,,,,,,,,,,,,1.0,,,,6,0,6.0,44.0,00:03,01:30,990
211,3,01:30,22,8,MOR,1,3,3,MUHL,2 Pt.,,,,,,Jared Jenkins,,,,,,,,,,,,,,,,,Pass,,,,,,,,,,,,,,,,,,,,,,,0,0,12.0,44.0,00:03,01:27,987
212,3,01:30,22,9,MOR,1,35,-35,MOR,Kickoff,,,,,,,,,,,,,,,,Jackson Lake,41,MUHL,24,Return,,,,,Joshua Castro,13,MUHL,37,Nick Weston,Colin Conway,,,,,,,,,,,,,,,,0,0,12.0,44.0,00:03,01:25,985
216,3,01:22,23,2,MUHL,1,10,-37,MUHL,Run,3.0,40,MUHL,Brett Confer,,,,,,,,,,,,,,,,,,,,,,,,,Jashon Teller,,,,,,,,,,,,,,,,,0,0,12.0,44.0,00:41,01:22,982
217,3,01:22,23,3,MUHL,2,7,-40,MUHL,Run,4.0,44,MUHL,Matthew Manning,,,,,,,,,,,,,,,,,,,,,,,,,Jeremy McGuigan,,,,,,,,,,,,,,,,,0,0,12.0,44.0,00:41,00:41,941
220,4,15:00,24,2,MUHL,3,3,-44,MUHL,Penalty,,,,,,,,,,,,,,,,,,,,,,,,,,,,,,,,,,,,,1.0,False Start,,MUHL,5,,,,,0,0,12.0,44.0,00:05,15:00,900
221,4,15:00,24,3,MUHL,3,8,-39,MUHL,Pass,0.0,,,,,Brett Confer,,,Caden Reph,Incomplete,,,,Chris Ortalano,,,,,,,,,,,,,,,,,,,,,,,,,,,,,,,,0,0,12.0,44.0,00:05,14:55,895
222,4,15:00,24,4,MUHL,4,8,-39,MUHL,Punt,,,,,,,,,,,,,,,,Ayden Scharper,46,MOR,15,Out Of Bounds,,,,,,,,,,,,,,,,,,,,,,,,,,0,0,12.0,44.0,00:05,14:49,889
226,4,14:44,25,2,MOR,1,10,-15,MOR,Run,4.0,19,MOR,LJ Cooper,,,,,,,,,,,,,,,,,,,,,,,,,Tim Higgins,,,,,,,,,,,,,,,,,0,0,12.0,44.0,00:29,14:44,884
227,4,14:44,25,3,MOR,2,6,-19,MOR,Run,2.0,21,MOR,LJ Cooper,,,,,,,,,,,,,,,,,,,,,,,,,Josh Ferro,,,,,,,,,,,,,,,,,0,0,12.0,44.0,00:29,14:15,855
228,4,14:44,25,4,MOR,3,4,-21,MOR,Pass,0.0,,,,,Jared Jenkins,,,Brad Bryan,Incomplete,,,,,,,,,,,,,,,,,,,,,,,,,,,,,,,,,,,,0,0,12.0,44.0,00:14,13:47,827
229,4,14:44,25,5,MOR,4,4,-21,MOR,Punt,,,,,,,,,,,,,,,,Colin Conway,29,,50,Downed,,,,,,,,,,,,,,,,,,,,,,,,,,0,0,12.0,44.0,00:14,13:32,812
233,4,13:18,26,2,MUHL,1,10,50,MUHL,Run,8.0,42,MOR,Ian Csicsek,,,,,,,,,,,,,,,,,,,,,,,,,Chris Ortalano,EJ Harvey,,,,,,,,,,,,,,,,0,0,12.0,44.0,00:44,13:18,798
234,4,13:18,26,3,MUHL,2,2,42,MOR,Pass,0.0,,,,,Brett Confer,,,Caden Reph,Incomplete,,,,Chris Ortalano,,,,,,,,,,,,,,,,,,,,,,,,,,,,,,,,0,0,12.0,44.0,00:22,12:34,754
235,4,13:18,26,4,MUHL,3,2,42,MOR,Run,3.0,39,MOR,John Sauchelli,,,,,,,,,,,,,,,,,,,,,,,,,Chris Ortalano,,,,,,,,,,,,,,,,,0,0,12.0,44.0,00:44,12:12,732
236,4,13:18,26,5,MUHL,1,10,39,MOR,Run,12.0,27,MOR,Ian Csicsek,,,,,,,,,,,,,,,,,,,,,,,,,Damere Rooker,,,,,,,,,,,,,,,,,0,0,12.0,44.0,00:44,11:27,687
237,4,13:18,26,6,MUHL,1,10,27,MOR,Run,6.0,21,MOR,Ian Csicsek,,,,,,,,,,,,,,,,,,,,,,,,,Clay Basile,,,,,,,,,,,,,,,1.0,,0,0,12.0,44.0,00:22,10:43,643
238,4,10:21,26,7,MUHL,2,4,21,MOR,Timeout,,,,,,,,,,,,,,,,,,,,,,,,,,,,,,,,,,,,,,,,,,,,,,0,0,12.0,44.0,00:15,10:21,621
239,4,10:21,26,8,MUHL,2,4,21,MOR,Run,4.0,17,MOR,Tommy Donnelly,,,,,,,,,,,,,,,,,,,,,,,,,Clay Basile,,,,,,,,,,,,,,,,,0,0,12.0,44.0,00:31,10:06,606
240,4,09:35,26,9,MUHL,1,10,17,MOR,Run,17.0,0,MOR,Tommy Donnelly,,,,,,,,,,,,,,,,,,,,,,,,,,,,,,,,,,,,,,1.0,,,,0,6,12.0,44.0,00:05,09:35,575
241,4,09:35,26,10,MUHL,1,3,3,MOR,Extra Pt.,,,,,,,,,,,,,,,,Nick Stannard,,,,,,,Kick,Good,,,,,,,,,,,,,,,,,,,,,,0,1,12.0,50.0,00:00,09:30,570
242,4,09:35,26,11,MUHL,1,35,-35,MUHL,Kickoff,,,,,,,,,,,,,,,,Ayden Scharper,57,MOR,8,Return,,,,,Nick Coffaro,50,MUHL,42,Ayden Scharper,,,,,,,,,,,,,,,,,0,0,12.0,51.0,00:05,09:30,570
246,4,09:25,27,2,MOR,1,10,42,MUHL,Run,1.0,41,MUHL,Mike Willis,,,,,,,,,,,,,,,,,,,,,,,,,Tim Higgins,Blaze Curry,,,,,,,,,,,,,,,,0,0,12.0,51.0,00:31,09:25,565
247,4,09:25,27,3,MOR,2,9,41,MUHL,Pass,9.0,32,MUHL,,,Jared Jenkins,,,Tim Garlick,Complete,,,,,,,,,,,,,,,,,,,Marcus McClaine,,,,,,,,,,,,,,,,,0,0,12.0,51.0,00:15,08:54,534
248,4,09:25,27,4,MOR,1,10,32,MUHL,Pass,11.0,21,MUHL,,,Jared Jenkins,,,Tim Garlick,Complete,,,,,,,,,,,,,,,,,,,Tim Higgins,Isaiah Williams,,,,,,,,,,,,,,,,0,0,12.0,51.0,00:15,08:39,519
249,4,09:25,27,5,MOR,1,10,21,MUHL,Run,1.0,20,MUHL,Mike Willis,,,,,,,,,,,,,,,,,,,,,,,,,Derek Rosenow,Isaiah Williams,,,,,,,,,,,,,,,,0,0,12.0,51.0,00:31,08:23,503
250,4,09:25,27,6,MOR,2,9,20,MUHL,Run,9.0,11,MUHL,Jared Jenkins,,,,,,,,,,,,,,,,,,,,,,,,,Derek Rosenow,,,,,,,,,,,,,,,,,0,0,12.0,51.0,00:31,07:53,473
251,4,09:25,27,7,MOR,1,10,11,MUHL,Pass,0.0,,,,,Jared Jenkins,,,Jordan Bingham,Incomplete,,,,Isaiah Williams,,,,,,,,,,,,,,,,,,,,,,,,,,,,,,,,0,0,12.0,51.0,00:15,07:22,442
252,4,09:25,27,8,MOR,2,10,11,MUHL,Pass,0.0,,,,,Jared Jenkins,,,Tim Garlick,Incomplete,,,,,,,,,,,,,,,,,,,,,,,,,,,,,,,,,,,,0,0,12.0,51.0,00:15,07:07,427
253,4,09:25,27,9,MOR,3,10,11,MUHL,Pass,-11.0,22,MUHL,,,Jared Jenkins,,,,Sack,,,,,,,,,,,,,,,,,,,Derek Graichen,,,,,,,,,,,,,,,,,0,0,12.0,51.0,00:15,06:51,411
254,4,09:25,27,10,MOR,4,21,22,MUHL,Penalty,,,,,,,,,,,,,,,,,,,,,,,,,,,,,,,,,,,,,1.0,Personal Foul,,MOR,15,,,,,0,0,12.0,51.0,00:15,06:36,396
255,4,09:25,27,11,MOR,4,36,37,MUHL,Pass,0.0,,,,,Jared Jenkins,,,Tim Garlick,Incomplete,,,,,,,,,,,,,,,,,,,,,,,,,,,,,,,,,,,,0,0,12.0,51.0,00:15,06:20,380
259,4,06:05,28,2,MUHL,1,10,-37,MUHL,Run,1.0,38,MUHL,Bryson Perryman,,,,,,,,,,,,,,,,,,,,,,,,,Prince Sokpo,EJ Boney,,,,,,,,,,,,,,,,0,0,12.0,51.0,00:43,06:05,365
260,4,06:05,28,3,MUHL,2,9,-38,MUHL,Run,4.0,42,MUHL,Bryson Perryman,,,,,,,,,,,,,,,,,,,,,,,,,EJ Harvey,Isaiah Johnson,,,,,,,,,,,,,,,,0,0,12.0,51.0,00:43,05:22,322
261,4,06:05,28,4,MUHL,3,5,-42,MUHL,Pass,4.0,46,MUHL,,,Brett Confer,,,Dominic Strain,Complete,,,,,,,,,,,,,,,,,,,,,,,,,,,,,,,,,,,,0,0,12.0,51.0,00:22,04:39,279
262,4,06:05,28,5,MUHL,4,1,-46,MUHL,Punt,,,,,,,,,,,,,,,,Ayden Scharper,32,MOR,22,Fair Catch,,,,,,,,,,,,,,,,,,,,,,,,,,0,0,12.0,51.0,00:22,04:17,257
266,4,03:56,29,2,MOR,1,10,-22,MOR,Run,1.0,23,MOR,Parker Miller,,,,,,,,,,,,,,,,,,,,,,,,,Alex Schafer,,,,,,,,,,,,,,,,,0,0,12.0,51.0,00:35,03:56,236
267,4,03:56,29,3,MOR,2,9,-23,MOR,Run,-3.0,20,MOR,Parker Miller,,,,,,,,,,,,,,,,,,,,,,,,,Derek Graichen,,,,,,,,,,,,,,,,,0,0,12.0,51.0,00:35,03:21,201
268,4,03:56,29,4,MOR,3,12,-20,MOR,Pass,0.0,,,,,Carter Hallgren,,,Nick Coffaro,Incomplete,,,,,,,,,,,,,,,,,,,,,,,,,,,,,,,,,,,,0,0,12.0,51.0,00:18,02:46,166
269,4,03:56,29,5,MOR,4,12,-20,MOR,Punt,,,,,,,,,,,,,,,,Colin Conway,52,MUHL,28,Downed,,,,,,,,,,,,,,,,,,,,,,,,,,0,0,12.0,51.0,00:18,02:28,148
273,4,02:11,30,2,MUHL,1,10,-28,MUHL,Run,4.0,32,MUHL,I SchafferNeitz,,,,,,,,,,,,,,,,,,,,,,,,,Josh Ruela,Zach Scillia,,,,,,,,,,,,,,,,0,0,12.0,51.0,00:44,02:11,131
274,4,02:11,30,3,MUHL,2,6,-32,MUHL,Run,0.0,32,MUHL,I SchafferNeitz,,,,,,,,,,,,,,,,,,,,,,,,,EJ Harvey,,,,,,,,,,,,,,,,,0,0,12.0,51.0,00:44,01:27,87
275,4,02:11,30,4,MUHL,3,6,-32,MUHL,Run,13.0,45,MUHL,I SchafferNeitz,,,,,,,,,,,,,,,,,,,,,,,,,Isaiah Johnson,Zach Scillia,,,,,,,,,,,,,,,,0,0,12.0,51.0,00:44,00:44,44
